ID,名字,备注名,类别,鼠标点击碰撞,"移动碰撞，0：空气， 1：固体, 2: 液体",阻挡水流,"推动标识-0:普通推动后续方块, 1:推动碾碎, 2:不能推动",重力影响方式0:不影响， 1: 沙子会下坠， 2: 流体会往低处流， 3：花草会破坏,PlaceDir(0：没有方向，1：和放置的面相关，类似火把，  2：和自己视线的方向相关，类似楼梯),放置可直接替换,爆炸抗性,硬度,地滑程度,可再生,燃烧速度,点燃概率,充能状态,右键点击触发脚本,掉落物1,掉落概率1,掉落物2,掉落概率2,空手掉落物,空手掉落概率,采集掉落经验,掉落经验概率,"遮挡旁边块0: 不遮挡， 1: 遮挡， 2： 根据厚度来定,  3: 遮挡相同材质",光衰减,光源强度,使用旁边方块的光照,高度（block),贴图1,贴图2,走在上面声音,挖的声音,放置的声音,精准掉落物品,采集工具,小地图颜色,采集效率,贴图缺失,功能问题
ID,Name,,Type,ClickCollide,MoveCollide,BlockFlow,PushFlag,GravityEffect,PlaceDir,Replaceable,AntiExplode,Hardness,Slipperiness,Reborn,BurnSpeed,CatchFire,PowerState,OpUseScript,ToolMineDrop1,ToolMineProb1,ToolMineDrop2,ToolMineProb2,HandMineDrop,HandMineProb,MineExp,MineExpOdds,CoverNeighbor,LightAtten,LightSrc,UseNeighborLight,Height,Texture1,Texture2,WalkSound,DigSound,PlaceSound,PreciseDrop,MineTool,MiniColor,,,
0,空气,空气,air,0,0,0,1,0,0,1,0,0,0.6,1,,,,,0,0,0,0,0,0,,,0,0,0,,1,,,,,,0,0,,,,
1,基岩,基岩,basic,1,1,1,2,0,0,,18000000,-1,0.6,0,,,,,0,0,0,0,0,0,,,1,15,0,,1,bedrock,,step.stone,dig.stone,,0,0,3d3c59,,,
2,命令方块,命令方块,basic,0,0,0,2,0,0,,5000,-1,0.6,0,,,,,0,0,0,0,0,0,,,1,15,0,,1,,,,,,0,0,,,x,
3,静态水,静态水,stillfluid,0,2,0,1,2,0,1,500,100,0.6,0,,,,,0,0,0,0,0,0,,,3,2,0,,1,water_still,water_flow,,,,0,1050,0e7bc0,,,
4,流动水,流动水,flowfluid,0,2,0,1,2,0,1,500,100,0.6,0,,,,,0,0,0,0,0,0,,,3,2,0,,1,water_still,water_flow,,,,0,0,,,,
5,静态岩浆,静态岩浆,stillfluid,0,2,0,1,2,0,1,500,100,0.6,0,,,,,0,0,0,0,0,0,,,4,0,15,,1,lava_still,lava_flow,,,,0,1050,b84b22,,x,
6,流动岩浆,流动岩浆,flowfluid,0,2,0,1,2,0,1,0,100,0.6,0,,,,,0,0,0,0,0,0,,,4,0,15,,1,lava_still,lava_flow,,,,0,0,,,x,
7,传送门特效,传送门特效,basic,0,0,0,2,3,1,1,0,0,0.6,0,,,,,0,0,0,0,0,0,,,0,0,11,,1,,,,,,0,0,,,,缺特效
8,地心碎片,末世传送门框架,basic,1,1,1,2,0,0,,18000000,-1,0.6,0,,,,,0,0,0,0,0,0,,,2,15,0,,1,endframe_top,,step.stone,dig.stone,,0,0,,,,
9,地心能量,末世传送门特效,portal,0,0,1,2,3,1,,0,0,0.6,0,,,,,0,0,0,0,0,0,,,0,0,15,,1,portal,,,,,0,0,,,,缺特效
100,草块,草块,grass,1,1,1,0,0,0,,3,0.6,0.6,0,,,,,101,10000,0,0,101,10000,,,1,15,0,,1,,,step.grass,dig.grass,,100,1021,a7c738,,,
101,泥土,泥土,basic,1,1,1,0,0,0,,2.5,0.5,0.6,0,,,,,101,10000,0,0,101,10000,,,1,15,0,,1,dirt,,step.gravel,dig.gravel,,101,1021,967331,,,
102,耕地,耕地,farmland,1,1,1,0,0,0,,3,0.6,0.6,0,,,,,101,10000,0,0,101,10000,,,2,15,0,,1,farmland,dirt,step.grass,dig.grass,,102,1021,6c5a1a,,,跳跃不会踩坏
104,石头,石头,basic,1,1,1,0,0,0,,30,1.5,0.6,1,,,,,505,10000,0,0,0,0,,,1,15,0,,1,stone,,step.stone,dig.stone,,104,1011,a6a899,,,
105,苔石,苔石,basic,1,1,1,0,0,0,,30,1.5,0.6,1,,,,,105,10000,0,0,0,0,,,1,15,0,,1,cobblestone_mossy,,step.stone,dig.stone,,105,1011,bdbfae,,,
106,沙子,沙子,sand,1,1,1,0,1,0,,2.5,0.5,0.6,0,,,,,106,10000,0,0,106,10000,,,1,15,0,,1,sand,,step.sand,dig.sand,,106,1021,a07c37,,,没有重力
107,沙砾,沙砾,basic,1,1,1,0,1,0,,3,0.6,0.6,0,,,,,107,9500,1304,9500,107,10000,,,1,15,0,,1,gravel,,step.gravel,dig.gravel,,107,1021,f1c95a,,,
108,沙石,沙石,log,1,1,1,0,0,0,,4,0.8,0.6,0,,,,,108,10000,0,0,0,0,,,1,15,0,,1,sandstone,sandstone_normal,step.stone,dig.stone,,108,1011,ecc47c,,,
109,砂土,砂土,basic,1,1,1,0,0,0,,2.5,0.75,0.6,0,,,,,101,10000,0,0,101,10000,,,1,15,0,,1,sandstone_top,,step.gravel,dig.gravel,,109,1011,c79d59,,,
112,黑曜石,黑曜石,basic,1,1,1,0,0,0,,6000,50,0.6,1,,,,,112,10000,0,0,0,0,,,1,15,0,,1,obsidian,,step.stone,dig.stone,,112,1025,3d2168,,,
113,浮冰,浮冰,basic,1,1,1,0,0,1,,2.5,0.5,0.6,0,,,,,0,0,0,0,0,0,,,2,3,0,,1,ice,,step.stone,dig.stone,,123,1000,8dd1ff,,,
114,粘土块,粘土块,basic,1,1,1,0,0,0,,3,0.6,0.6,0,,,,,1200,10000,0,0,0,0,,,2,15,0,,1,clay,,step.stone,dig.stone,,114,1011,87999e,,,
115,雪块,雪块,snow,1,1,0,0,3,0,1,1,0.2,0.6,1,,,,,2054,10000,0,0,0,0,,,2,2,0,,1,snow,,step.snow,dig.snow,,122,1021,d4f4f5,,,
122,雪,雪,basic,1,1,1,0,0,0,1,1,0.2,0.6,1,,,,,2054,10000,0,0,0,0,,,2,2,0,,1,snow,,step.snow,dig.snow,,122,1021,d4f4f5,,,
123,冰,冰,basic,1,1,1,0,0,0,,2.5,0.5,0.98,1,,,,,4,10000,0,0,0,0,,,2,3,0,,1,ice,,step.stone,dig.stone,,123,1000,5bc0ee,,,应该透明、打碎后成水块
124,地狱岩,地狱岩,basic,1,1,1,0,0,0,,2.5,0.75,0.6,1,,,,,124,10000,0,0,0,0,,,2,15,0,,1,netherrack,,step.stone,dig.stone,,124,1011,6c5a1a,,,
125,灵魂沙,灵魂沙,basic,1,1,1,0,0,0,,2.5,0.5,0.98,0,,,,,125,10000,0,0,125,10000,,,2,15,0,,1,soul_sand,,step.sand,dig.sand,,125,1000,,,,
126,末地石,末地石,basic,1,1,1,0,0,0,,45,3,0.6,0,,,,,126,10000,0,0,0,0,,,2,15,0,,1,end_stone,,step.stone,dig.stone,,126,1011,413250,,,
127,海绵,海绵,basic,1,1,1,0,0,0,,2.5,0.75,0.6,1,,,,,127,10000,0,0,0,0,,,2,15,0,,1,sponge,,step.cloth,dig.cloth,,127,1000,,,,
128,红沙,红沙,sand,1,1,1,0,1,0,,2.5,0.5,0.6,0,,,,,128,10000,0,0,0,0,,,1,15,0,,1,red_sand,,step.sand,dig.sand,,128,1021,,,,没有重力
200,橡木,橡木,log,1,1,1,0,0,0,,10,2,0.6,1,5,5,,,200,10000,0,0,200,10000,,,2,15,0,,1,log_oak,,step.wood,dig.wood,,200,1001,7c6037,,,
201,云杉木,云杉木,log,1,1,1,0,0,0,,10,2,0.6,1,5,5,,,201,10000,0,0,201,10000,,,2,15,0,,1,log_spruce,,step.wood,dig.wood,,201,1001,614b2c,,,
202,桦木,桦木,log,1,1,1,0,0,0,,10,2,0.6,1,5,5,,,202,10000,0,0,202,10000,,,2,15,0,,1,log_birch,,step.wood,dig.wood,,202,1001,f4efe1,,,
203,丛林木,丛林木,log,1,1,1,0,0,0,,10,2,0.6,1,5,5,,,203,10000,0,0,203,10000,,,2,15,0,,1,log_jungle,,step.wood,dig.wood,,203,1001,836b5b,,,
204,合欢木,合欢木,log,1,1,1,0,0,0,,10,2,0.6,1,5,5,,,204,10000,0,0,204,10000,,,2,15,0,,1,log_acacia,,step.wood,dig.wood,,204,1001,96894e,,,
205,黑栎木,黑栎木,log,1,1,1,0,0,0,,10,2,0.6,1,5,5,,,205,10000,0,0,205,10000,,,2,15,0,,1,log_big_oak,,step.wood,dig.wood,,205,1001,5a4029,,,
206,橡木板,橡木板,basic,1,1,1,0,0,0,,15,2,0.6,1,5,20,,,206,10000,0,0,206,10000,,,2,15,0,,1,planks_oak,,step.wood,dig.wood,,206,1001,c1a661,,,
207,云杉木板,云杉木板,basic,1,1,1,0,0,0,,15,2,0.6,1,5,20,,,207,10000,0,0,207,10000,,,2,15,0,,1,planks_spruce,,step.wood,dig.wood,,207,1001,865d39,,,
208,桦木板,桦木板,basic,1,1,1,0,0,0,,15,2,0.6,1,5,20,,,208,10000,0,0,208,10000,,,2,15,0,,1,planks_birch,,step.wood,dig.wood,,208,1001,dfdbc2,,,
209,丛林木板,丛林木板,basic,1,1,1,0,0,0,,15,2,0.6,1,5,20,,,209,10000,0,0,209,10000,,,2,15,0,,1,planks_jungle,,step.wood,dig.wood,,209,1001,644b2b,,,
210,合欢木板,合欢木板,basic,1,1,1,0,0,0,,15,2,0.6,1,5,20,,,210,10000,0,0,210,10000,,,2,15,0,,1,planks_acacia,,step.wood,dig.wood,,210,1001,be8254,,,
211,黑栎木板,黑栎木板,basic,1,1,1,0,0,0,,15,2,0.6,1,5,20,,,211,10000,0,0,211,10000,,,2,15,0,,1,planks_big_oak,,step.wood,dig.wood,,211,1001,452f20,,,
212,橡木树苗,橡木树苗,sapling,1,1,1,0,3,0,,0,0,0.6,1,30,60,,,212,10000,0,0,212,10000,,,0,0,0,,1,sapling_oak,,,dig.grass,,212,1000,,,,
213,云杉树苗,云杉树苗,sapling,1,1,1,0,3,0,,0,0,0.6,1,30,60,,,213,10000,0,0,213,10000,,,0,0,0,,1,sapling_spruce,,,dig.grass,,213,1000,,,,
214,桦木树苗,桦木树苗,sapling,1,1,1,0,3,0,,0,0,0.6,1,30,60,,,214,10000,0,0,214,10000,,,0,0,0,,1,sapling_birch,,,dig.grass,,214,1000,,,,
215,丛林树苗,丛林树苗,sapling,1,1,1,0,3,0,,0,0,0.6,1,30,60,,,215,10000,0,0,215,10000,,,0,0,0,,1,sapling_jungle,,,dig.grass,,215,1000,,,,
216,合欢树苗,合欢树苗,sapling,1,1,1,0,3,0,,0,0,0.6,1,30,60,,,216,10000,0,0,216,10000,,,0,0,0,,1,sapling_acacia,,,dig.grass,,216,1000,,,,
217,黑栎树苗,黑栎树苗,sapling,1,1,1,0,3,0,,0,0,0.6,1,30,60,,,217,10000,0,0,217,10000,,,0,0,0,,1,sapling_roofed_oak,,,dig.grass,,217,1000,,,,
218,橡木树叶,橡木树叶,grayleaf,1,1,1,0,0,0,,1,0.2,0.6,1,30,60,,,2500,50,212,1000,2500,50,,,0,1,0,,1,leaves_oak,,step.grass,dig.grass,,218,1000,558618,,,
219,云杉树叶,云杉树叶,grayleaf,1,1,1,0,0,0,,1,0.2,0.6,1,30,60,,,2500,50,213,1000,2500,50,,,0,1,0,,1,leaves_spruce,,step.grass,dig.grass,,219,1000,2d5a1f,,,
220,桦木树叶,桦木树叶,grayleaf,1,1,1,0,0,0,,1,0.2,0.6,1,30,60,,,2500,50,214,1000,2500,50,,,0,1,0,,1,leaves_birch,,step.grass,dig.grass,,220,1000,76901d,,,
221,丛林树叶,丛林树叶,grayleaf,1,1,1,0,0,0,,1,0.2,0.6,1,30,60,,,2500,25,215,500,2500,25,,,0,1,0,,1,leaves_jungle,,step.grass,dig.grass,,221,1000,18562d,,,
222,合欢树叶,合欢树叶,grayleaf,1,1,1,0,0,0,,1,0.2,0.6,1,30,60,,,2500,50,216,1000,2500,50,,,0,1,0,,1,leaves_acacia,,step.grass,dig.grass,,222,1000,4e832b,,,
223,黑栎树叶,黑栎树叶,grayleaf,1,1,1,0,0,0,,1,0.2,0.6,1,30,60,,,2500,50,217,1000,2500,50,,,0,1,0,,1,leaves_big_oak,,step.grass,dig.grass,,223,1000,264c1b,,,
224,草丛,草丛,grayherbs,1,0,0,0,3,0,1,0,0,0.6,1,60,100,,,1400,800,0,0,1400,800,,,0,0,0,,1,tallgrass,,,dig.grass,,224,1000,,,,
225,枯死的灌木,枯死的灌木,colorherbs,1,0,0,0,3,0,1,0,0,0.6,0,60,100,,,225,10000,0,0,225,10000,,,0,0,0,,1,deadbush,,,dig.grass,,225,1000,,,,
226,棕色小蘑菇,棕色小蘑菇,mushroom,1,0,0,0,3,0,,0,0,0.6,0,60,100,,,226,10000,0,0,226,10000,,,0,0,1,,1,mushroom_brown,,,dig.grass,,226,1000,,,,无法种植、传播性未知
227,红色小蘑菇,红色小蘑菇,mushroom,1,0,0,0,3,0,,0,0,0.6,0,60,100,,,227,10000,0,0,227,10000,,,0,0,0,,1,mushroom_red,,,dig.grass,,227,1000,,,,无法种植、传播性未知
228,甘蔗,甘蔗,reed,1,0,0,0,3,0,,0,0,0.6,1,60,100,,,228,10000,0,0,228,10000,,,0,0,0,,1,reeds,,,dig.grass,,228,1000,,,,
229,小麦,小麦,wheat,1,0,0,0,3,0,,0,0,0.6,1,60,100,,,229,10000,1400,10000,229,10000,,,0,0,0,,1,wheat,,,dig.grass,,229,1000,,,,未成熟的小麦会掉落小麦，要改为小麦种子。
230,南瓜,南瓜,log,1,1,1,0,0,1,,5,1,0.6,1,60,100,,,230,10000,0,0,230,10000,,,1,0,0,,1,pumpkin,,step.wood,dig.wood,,230,1001,f05f20,,,
231,南瓜梗,南瓜梗,melonstem,1,0,0,0,3,1,,0,0,0.6,1,60,100,,,1401,10000,1401,10000,1401,10000,,,0,0,0,,1,pumpkin_stem,,,dig.grass,,1400,1001,,,,成熟的南瓜梗应该掉落1-2个南瓜种子。在非耕地生成南瓜速度会慢一些。
232,藤蔓,藤蔓,vine,1,0,0,0,3,1,1,0,0.1,0.6,1,60,100,,,232,10000,0,0,0,0,,,0,0,0,,1,vine,,,,,232,1056,,,,
233,菌丝土,菌丝土,log,1,1,1,0,0,0,,15,0.6,0.6,1,5,20,,,101,10000,0,0,233,10000,,,2,15,0,,1,mycelium,,step.grass,dig.grass,,208,1001,,,,
236,胡萝卜,胡萝卜,wheat,1,0,0,0,3,0,,0,0,0.6,1,60,100,,,236,10000,236,10000,236,10000,,,0,0,0,,1,carrots,,,dig.grass,,236,1000,,,,
237,可可果,可可果,cocoa,1,0,0,0,3,0,,15,0.2,0.6,1,60,100,,,1403,10000,1403,10000,1403,10000,,,0,0,0,,1,cocoa,,,dig.wood,,1403,1001,,,,成熟的可可果应该掉落1-3个可可豆。
238,蕨,蕨,grayherbs,1,0,0,0,3,0,,0,0,0.6,1,60,100,,,1400,800,0,0,1400,800,,,0,0,0,,1,fern,,,dig.grass,,238,1000,,,,
239,西瓜,西瓜,watermelon,1,1,1,0,0,1,,5,1,0.6,1,60,100,,,2508,10000,2508,10000,2508,10000,,,1,0,0,,1,melon,,step.wood,dig.wood,,239,1001,206803,,,西瓜应该掉落3-7块西瓜片。
240,西瓜梗,西瓜梗,melonstem,1,0,0,0,3,1,,0,0,0.6,1,60,100,,,1402,10000,1402,10000,1402,10000,,,0,0,0,,1,melon_stem,,,dig.grass,,1400,1001,,,,成熟的西瓜梗应该掉落1-2个西瓜种子。在非耕地生成西瓜速度会慢一些
241,马铃薯,马铃薯,wheat,1,0,0,0,3,0,,0,0,0.6,1,60,100,,,241,10000,241,10000,241,10000,,,0,0,0,,1,potatoes,,,dig.grass,,241,1000,,,,
242,仙人掌,仙人掌,cactus,1,1,1,0,3,0,,2,0.4,0.6,1,60,100,,,242,10000,0,0,242,10000,,,0,0,0,,1,cactus,,step.cloth,dig.cloth,,242,1000,6e8f41,,,
243,野草,野草,colorherbs,1,0,0,0,3,0,,0,0,0.6,1,60,100,,,1400,800,0,0,1400,800,,,0,0,0,,2,double_plant_grass,,,dig.grass,,224,1000,,,,
300,向日葵,向日葵,colorherbs,1,0,0,0,3,0,,0,0,0.6,1,60,100,,,300,10000,0,0,300,10000,,,0,0,0,,2,double_plant_sunflower,,,dig.grass,,300,1000,,,,
301,欧丁香,欧丁香,colorherbs,1,0,0,0,3,0,,0,0,0.6,1,60,100,,,301,10000,0,0,301,10000,,,0,0,0,,2,double_plant_syringa,,,dig.grass,,301,1000,,,,
302,蓝牡丹,蓝牡丹,colorherbs,1,0,0,0,3,0,,0,0,0.6,1,60,100,,,302,10000,0,0,302,10000,,,0,0,0,,2,double_plant_paeonia,,,dig.grass,,302,1000,,,,
303,山茶花,山茶花,colorherbs,1,0,0,0,3,0,,0,0,0.6,1,60,100,,,303,10000,0,0,303,10000,,,0,0,0,,1,flower_rose,,,dig.grass,,303,1000,,,,
304,兰花,兰花,colorherbs,1,0,0,0,3,0,,0,0,0.6,1,60,100,,,304,10000,0,0,304,10000,,,0,0,0,,1,flower_blue_orchid,,,dig.grass,,304,1000,,,,
305,凤仙花,凤仙花,colorherbs,1,0,0,0,3,0,,0,0,0.6,1,60,100,,,305,10000,0,0,305,10000,,,0,0,0,,1,flower_allium,,,dig.grass,,305,1000,,,,
306,情人草,情人草,colorherbs,1,0,0,0,3,0,,0,0,0.6,1,60,100,,,306,10000,0,0,306,10000,,,0,0,0,,1,double_plant_grass,,,dig.grass,,306,1000,,,,
307,红色郁金香,红色郁金香,colorherbs,1,0,0,0,3,0,,0,0,0.6,1,60,100,,,307,10000,0,0,307,10000,,,0,0,0,,1,flower_tulip_red,,,dig.grass,,307,1000,,,,
308,橙色郁金香,橙色郁金香,colorherbs,1,0,0,0,3,0,,0,0,0.6,1,60,100,,,308,10000,0,0,308,10000,,,0,0,0,,1,flower_tulip_orange,,,dig.grass,,308,1000,,,,
309,灰色郁金香,灰色郁金香,colorherbs,1,0,0,0,3,0,,0,0,0.6,1,60,100,,,309,10000,0,0,309,10000,,,0,0,0,,1,flower_tulip_white,,,dig.grass,,309,1000,,,,
310,粉色郁金香,粉色郁金香,colorherbs,1,0,0,0,3,0,,0,0,0.6,1,60,100,,,310,10000,0,0,310,10000,,,0,0,0,,1,flower_tulip_pink,,,dig.grass,,310,1000,,,,
311,小白菊,小白菊,colorherbs,1,0,0,0,3,0,,0,0,0.6,1,60,100,,,311,10000,0,0,311,10000,,,0,0,0,,1,flower_oxeye_daisy,,,dig.grass,,311,1000,,,,
312,蒲公英,蒲公英,colorherbs,1,0,0,0,3,0,,0,0,0.6,1,60,100,,,312,10000,0,0,312,10000,,,0,0,0,,1,flower_dandelion,,,dig.grass,,312,1000,,,,
313,玫瑰丛,玫瑰丛,colorherbs,1,0,0,0,3,0,,0,0,0.6,1,60,100,,,313,10000,0,0,313,10000,,,0,0,0,,2,double_plant_rose,,,dig.grass,,313,1000,,,,
400,金矿石,金矿石,basic,1,1,1,0,0,0,,15,3,0.6,1,,,,,400,10000,0,0,0,0,,,1,15,0,,1,gold_ore,,step.stone,dig.stone,,400,1013,,,,
401,铁矿石,铁矿石,basic,1,1,1,0,0,0,,15,3,0.6,1,,,,,401,10000,0,0,0,0,,,1,15,0,,1,iron_ore,,step.stone,dig.stone,,401,1012,,,,
402,煤矿石,煤矿石,basic,1,1,1,0,0,0,,15,3,0.6,1,,,,,1201,10000,0,0,0,0,5,10000,1,15,0,,1,coal_ore,,step.stone,dig.stone,,402,1011,252221,,,
403,青金石矿石,青金石矿石,basic,1,1,1,0,0,0,,15,3,0.6,1,,,,,1512,10000,0,0,0,0,10,10000,1,15,0,,1,lapis_ore,,step.stone,dig.stone,,403,1013,,,,
404,钻石矿石,钻石矿石,basic,1,1,1,0,0,0,,15,3,0.6,1,,,,,1203,10000,0,0,0,0,50,10000,1,15,0,,1,diamond_ore,,step.stone,dig.stone,,404,1013,,,,
405,橙石矿石,橙石矿石,basic,1,1,1,0,0,0,,15,3,0.6,1,,,,,706,10000,0,0,0,0,5,10000,1,0,0,,1,redstone_ore,,step.stone,dig.stone,,405,1013,,,,
406,绿宝石矿石,绿宝石矿石,basic,1,1,1,0,0,0,,15,3,0.6,1,,,,,1204,10000,0,0,0,0,50,10000,1,15,0,,1,emerald_ore,,step.stone,dig.stone,,406,1013,,,,
407,石英矿,下界石英矿,basic,1,1,1,0,0,0,,15,3,0.6,1,,,,,1210,10000,0,0,0,0,5,10000,1,15,0,,1,quartz_ore,,step.stone,dig.stone,,407,1011,,,,
408,钻石块,钻石块,basic,1,1,1,0,0,0,,30,5,0.6,1,,,,,408,10000,0,0,0,0,,,1,15,0,,1,diamond_block,,step.stone,dig.stone,,408,1013,,,,
409,绿宝石块,绿宝石块,basic,1,1,1,0,0,0,,30,5,0.6,1,,,,,409,10000,0,0,0,0,,,1,15,0,,1,emerald_block,,step.stone,dig.stone,,409,1013,,,,
410,金块,金块,basic,1,1,1,0,0,0,,30,3,0.6,1,,,,,410,10000,0,0,0,0,,,1,15,0,,1,gold_block,,step.stone,dig.stone,,410,1013,,,,
411,铁块,铁块,basic,1,1,1,0,0,0,,30,5,0.6,1,,,,,411,10000,0,0,0,0,,,1,15,0,,1,iron_block,,step.stone,dig.stone,,411,1012,,,,
412,石英块,石英块,log,1,1,1,0,0,0,,4,0.8,0.6,0,,,,,412,10000,0,0,0,0,,,1,15,0,,1,quartz_block,,step.stone,dig.stone,,412,1011,b7bcb7,,,
413,錾制石英块,錾制石英块,log,1,1,1,0,0,2,,4,0.8,0.6,0,,,,,413,10000,0,0,0,0,,,1,15,0,,1,quartz_block_chiseled,,step.stone,dig.stone,,413,1011,ccd0c7,,,
414,竖纹石英块,竖纹石英块,log,1,1,1,0,0,2,,4,0.8,0.6,0,,,,,414,10000,0,0,0,0,,,1,15,0,,1,quartz_block_lines,,step.stone,dig.stone,,414,1011,d6dccf,,,
415,橙石块,橙石块,powerbasic,1,1,1,0,0,0,,30,5,0.6,1,,,,,415,10000,0,0,0,0,,,1,15,0,,1,redstone_block,,step.stone,dig.stone,,415,1013,,,,充能性缺失
416,煤炭块,煤炭块,basic,1,1,1,0,0,0,,30,5,0.6,1,5,5,,,416,10000,0,0,0,0,,,1,15,0,,1,coal_block,,step.stone,dig.stone,,416,1011,,,,
417,青金石块,青金石块,basic,1,1,1,0,0,0,,15,3,0.6,1,,,,,417,10000,0,0,0,0,,,1,15,0,,1,lapis_block,,step.stone,dig.stone,,417,1013,,,,
500,火,火,fire,1,0,0,0,3,0,,0,0,0.6,1,,,,,0,0,0,0,0,0,,,0,0,15,,1,fire_3_3,fire_3_3,,,,0,0,,,,输入时卡死
501,石砖,石砖,basic,1,1,1,0,0,0,,30,1.5,0.6,1,,,,,501,10000,0,0,0,0,,,2,15,0,,1,stonebrick,,step.stone,dig.stone,,501,1011,,,,
502,裂石砖,裂石砖,basic,1,1,1,0,0,0,,30,1.5,0.6,1,,,,,502,10000,0,0,0,0,,,2,15,0,,1,stonebrick_cracked,,step.stone,dig.stone,,502,1011,,,,
503,苔石砖,苔石砖,basic,1,1,1,0,0,0,,30,1.5,0.6,1,,,,,503,10000,0,0,0,0,,,2,15,0,,1,stonebrick_mossy,,step.stone,dig.stone,,503,1011,,,,贴图和苔石太像
504,錾制石砖,錾制石砖,basic,1,1,1,0,0,2,,30,1.5,0.6,1,,,,,504,10000,0,0,0,0,,,2,15,0,,1,stonebrick_carved,,step.stone,dig.stone,,504,1011,,,,
505,圆石,圆石,basic,1,1,1,0,0,0,,30,2,0.6,1,,,,,505,10000,0,0,0,0,,,2,15,0,,1,cobblestone,,step.stone,dig.stone,,505,1011,,,,
506,石台阶,石台阶,slab,1,1,1,0,0,1,,30,2,0.6,1,,,,,506,10000,0,0,0,0,,,2,15,0,,1,stone_slab,,step.stone,dig.stone,,506,1011,,,,
507,沙石台阶,沙石台阶,slab,1,1,1,0,0,1,,15,2,0.6,1,,,,,507,10000,0,0,0,0,,,2,15,0,,1,sandstone,sandstone_normal,step.stone,dig.stone,,507,1011,,,,
509,圆石台阶,圆石台阶,slab,1,1,1,0,0,1,,30,2,0.6,1,,,,,509,10000,0,0,0,0,,,2,15,0,,1,cobblestone,,step.stone,dig.stone,,509,1011,,,,
510,砖台阶,砖台阶,slab,1,1,1,0,0,1,,30,2,0.6,1,,,,,510,10000,0,0,0,0,,,2,15,0,,1,brick,,step.stone,dig.stone,,510,1011,,,,
511,石砖台阶,石砖台阶,slab,1,1,1,0,0,1,,30,2,0.6,1,,,,,511,10000,0,0,0,0,,,2,15,0,,1,stonebrick,,step.stone,dig.stone,,511,1011,,,,
512,地狱砖台阶,地狱砖台阶,slab,1,1,1,0,0,1,,30,2,0.6,1,,,,,512,10000,0,0,0,0,,,2,15,0,,1,nether_brick,,step.stone,dig.stone,,512,1011,,,,
513,石英台阶,石英台阶,slab,1,1,1,0,0,1,,30,1,0.6,1,,,,,513,10000,0,0,0,0,,,2,15,0,,1,quartz_block,,step.stone,dig.stone,,513,1011,,,,
514,橡木台阶,橡木台阶,slab,1,1,1,0,0,1,,15,1,0.6,1,5,20,,,514,10000,0,0,514,10000,,,2,0,0,,1,planks_oak,,step.wood,dig.wood,,514,1001,,,,
515,云杉台阶,云杉台阶,slab,1,1,1,0,0,1,,15,1,0.6,1,5,20,,,515,10000,0,0,515,10000,,,2,15,0,,1,planks_spruce,,step.wood,dig.wood,,515,1001,,,,
516,桦木台阶,桦木台阶,slab,1,1,1,0,0,1,,15,1,0.6,1,5,20,,,516,10000,0,0,516,10000,,,2,15,0,,1,planks_birch,,step.wood,dig.wood,,516,1001,,,,
517,丛林台阶,丛林台阶,slab,1,1,1,0,0,1,,15,1,0.6,1,5,20,,,517,10000,0,0,517,10000,,,2,15,0,,1,planks_jungle,,step.wood,dig.wood,,517,1001,,,,
518,合欢台阶,合欢台阶,slab,1,1,1,0,0,1,,15,1,0.6,1,5,20,,,518,10000,0,0,518,10000,,,2,15,0,,1,planks_acacia,,step.wood,dig.wood,,518,1001,,,,
519,黑栎台阶,黑栎台阶,slab,1,1,1,0,0,1,,15,1,0.6,1,5,20,,,519,10000,0,0,519,10000,,,2,15,0,,1,planks_big_oak,,step.wood,dig.wood,,519,1001,,,,
520,橡木楼梯,橡木楼梯,stair,1,1,1,0,0,2,,15,1,0.6,1,5,20,,,520,10000,0,0,520,10000,,,2,15,0,1,1,planks_oak,,step.wood,dig.wood,,520,1001,,,,
521,云杉楼梯,云杉楼梯,stair,1,1,1,0,0,2,,15,1,0.6,1,5,20,,,521,10000,0,0,521,10000,,,2,15,0,1,1,planks_spruce,,step.wood,dig.wood,,521,1001,,,,
522,桦木楼梯,桦木楼梯,stair,1,1,1,0,0,2,,15,1,0.6,1,5,20,,,522,10000,0,0,522,10000,,,2,15,0,1,1,planks_birch,,step.wood,dig.wood,,522,1001,,,,
523,丛林楼梯,丛林楼梯,stair,1,1,1,0,0,2,,15,1,0.6,1,5,20,,,523,10000,0,0,523,10000,,,2,15,0,1,1,planks_jungle,,step.wood,dig.wood,,523,1001,,,,
524,合欢楼梯,合欢楼梯,stair,1,1,1,0,0,2,,15,1,0.6,1,5,20,,,524,10000,0,0,524,10000,,,2,15,0,1,1,planks_acacia,,step.wood,dig.wood,,524,1001,,,,
525,黑栎楼梯,黑栎楼梯,stair,1,1,1,0,0,2,,15,1,0.6,1,5,20,,,525,10000,0,0,525,10000,,,2,15,0,1,1,planks_big_oak,,step.wood,dig.wood,,525,1001,,,,
526,铁栏杆,铁栏杆,ironfence,1,1,1,0,0,1,,30,5,0.6,1,,,,,526,10000,0,0,0,0,,,2,15,0,1,1,iron_bars,,step.stone,dig.stone,,526,1012,,,,模型错误
527,沙石楼梯,沙石楼梯,stair,1,1,1,0,0,2,,15,1,0.6,1,,,,,527,10000,0,0,0,0,,,2,15,0,1,1,sandstone_normal,,step.stone,dig.stone,,527,1011,,,,
529,圆石楼梯,圆石楼梯,stair,1,1,1,0,0,2,,30,1,0.6,1,,,,,529,10000,0,0,0,0,,,2,0,0,1,1,cobblestone,,step.stone,dig.stone,,529,1011,,,,
530,砖块楼梯,砖块楼梯,stair,1,1,1,0,0,2,,30,1,0.6,1,,,,,530,10000,0,0,0,0,,,2,15,0,1,1,brick,,step.stone,dig.stone,,530,1011,,,,
531,石砖楼梯,石砖楼梯,stair,1,1,1,0,0,2,,30,1,0.6,1,,,,,531,10000,0,0,0,0,,,2,15,0,1,1,stonebrick,,step.stone,dig.stone,,531,1011,,,,
532,地狱砖楼梯,地狱砖楼梯,stair,1,1,1,0,0,2,,30,1,0.6,1,,,,,532,10000,0,0,0,0,,,2,15,0,1,1,nether_brick,,step.stone,dig.stone,,532,1011,,,,
533,石英楼梯,石英楼梯,stair,1,1,1,0,0,2,,30,1,0.6,1,,,,,533,10000,0,0,0,0,,,2,15,0,1,1,quartz_block_top,,step.stone,dig.stone,,533,1011,,,,
534,栅栏,栅栏,fence,1,1,1,0,0,0,,15,3,0.6,1,,,,,534,10000,0,0,534,10000,,,0,0,0,,1,planks_oak,,step.wood,dig.wood,,534,1001,,,,
535,栅栏门,栅栏门,fencegate,1,1,1,0,0,2,,15,3,0.6,1,,,,,535,10000,0,0,535,10000,,,0,0,0,,1,planks_oak,,step.wood,dig.wood,,535,1001,,,x,不能开关
536,萤石块,萤石块,basic,1,1,1,0,0,0,,15,1,0.6,1,,,,,1206,10000,0,0,1206,10000,,,1,0,15,,1,glowstone,,step.stone,dig.stone,,536,1011,,,,
537,地狱砖块,地狱砖块,basic,1,1,1,0,0,0,,30,1.5,0.6,1,,,,,537,10000,0,0,0,0,,,2,15,0,,1,nether_brick,,step.stone,dig.stone,,537,1011,,,,
538,地狱砖栅栏,地狱砖栅栏,fence,1,1,1,0,0,0,,15,3,0.6,1,,,,,538,10000,0,0,538,10000,,,0,0,0,,1,nether_brick,,step.wood,dig.wood,,538,1001,,,,
540,平滑沙石,平滑沙石,log,1,1,1,0,0,2,,4,0.8,0.6,0,,,,,540,10000,0,0,0,0,,,2,15,0,,1,sandstone,sandstone_smooth,step.stone,dig.stone,,540,1011,,,,
541,錾制沙石,錾制沙石,log,1,1,1,0,0,2,,4,0.8,0.6,0,,,,,541,10000,0,0,0,0,,,2,15,0,,1,sandstone,sandstone_carved,step.stone,dig.stone,,541,1011,,,,
547,砖块,砖块,basic,1,1,1,0,0,0,,30,2,0.6,0,,,,,547,10000,0,0,0,0,,,2,15,0,,1,brick,,step.stone,dig.stone,,547,1011,,,,
548,圆石墙,圆石墙,wall,1,1,1,0,0,1,,30,2,0.6,1,,,,,548,10000,0,0,0,0,,,0,0,0,,1,cobblestone,,step.stone,dig.stone,,548,1011,,,,
549,苔石墙,苔石墙,wall,1,1,1,0,0,1,,30,2,0.6,1,,,,,549,10000,0,0,0,0,,,0,0,0,,1,cobblestone_mossy,,step.stone,dig.stone,,549,1011,6d6e48,,,
600,羊毛,羊毛,basic,1,1,1,0,0,0,,4,0.8,0.6,1,30,60,,,600,10000,0,0,600,10000,,,1,15,0,,1,wool_colored_white,,step.cloth,dig.cloth,,600,1000,FAFFF0,,,
601,橙色羊毛,橙色羊毛,basic,1,1,1,0,0,0,,4,0.8,0.6,1,30,60,,,601,10000,0,0,601,10000,,,1,15,0,,1,wool_colored_orange,,step.cloth,dig.cloth,,601,1000,D97700,,,
602,品红羊毛,品红羊毛,basic,1,1,1,0,0,0,,4,0.8,0.6,1,30,60,,,602,10000,0,0,602,10000,,,1,15,0,,1,wool_colored_magenta,,step.cloth,dig.cloth,,602,1000,E600D4,,,
603,淡蓝羊毛,淡蓝羊毛,basic,1,1,1,0,0,0,,4,0.8,0.6,1,30,60,,,603,10000,0,0,603,10000,,,1,15,0,,1,wool_colored_light_blue,,step.cloth,dig.cloth,,603,1000,09AAD7,,,
604,黄色羊毛,黄色羊毛,basic,1,1,1,0,0,0,,4,0.8,0.6,1,30,60,,,604,10000,0,0,604,10000,,,1,15,0,,1,wool_colored_yellow,,step.cloth,dig.cloth,,604,1000,F4CF00,,,
605,黄绿色羊毛,黄绿色羊毛,basic,1,1,1,0,0,0,,4,0.8,0.6,1,30,60,,,605,10000,0,0,605,10000,,,1,15,0,,1,wool_colored_lime,,step.cloth,dig.cloth,,605,1000,AFEA00,,,
606,粉色羊毛,粉色羊毛,basic,1,1,1,0,0,0,,4,0.8,0.6,1,30,60,,,606,10000,0,0,606,10000,,,1,15,0,,1,wool_colored_pink,,step.cloth,dig.cloth,,606,1000,FF8DFD,,,
607,灰色羊毛,灰色羊毛,basic,1,1,1,0,0,0,,4,0.8,0.6,1,30,60,,,607,10000,0,0,607,10000,,,1,15,0,,1,wool_colored_gray,,step.cloth,dig.cloth,,607,1000,5A5D60,,,
608,淡灰色羊毛,淡灰色羊毛,basic,1,1,1,0,0,0,,4,0.8,0.6,1,30,60,,,608,10000,0,0,608,10000,,,1,15,0,,1,wool_colored_silver,,step.cloth,dig.cloth,,608,1000,B6BABD,,,
609,青色羊毛,青色羊毛,basic,1,1,1,0,0,0,,4,0.8,0.6,1,30,60,,,609,10000,0,0,609,10000,,,1,15,0,,1,wool_colored_cyan,,step.cloth,dig.cloth,,609,1000,31C0C5,,,
610,紫色羊毛,紫色羊毛,basic,1,1,1,0,0,0,,4,0.8,0.6,1,30,60,,,610,10000,0,0,610,10000,,,1,15,0,,1,wool_colored_purple,,step.cloth,dig.cloth,,610,1000,9100BD,,,
611,蓝色羊毛,蓝色羊毛,basic,1,1,1,0,0,0,,4,0.8,0.6,1,30,60,,,611,10000,0,0,611,10000,,,1,15,0,,1,wool_colored_blue,,step.cloth,dig.cloth,,611,1000,367EC7,,,
612,棕色羊毛,棕色羊毛,basic,1,1,1,0,0,0,,4,0.8,0.6,1,30,60,,,612,10000,0,0,612,10000,,,1,15,0,,1,wool_colored_brown,,step.cloth,dig.cloth,,612,1000,734A29,,,
613,绿色羊毛,绿色羊毛,basic,1,1,1,0,0,0,,4,0.8,0.6,1,30,60,,,613,10000,0,0,613,10000,,,1,15,0,,1,wool_colored_green,,step.cloth,dig.cloth,,613,1000,4A8F2D,,,
614,红色羊毛,红色羊毛,basic,1,1,1,0,0,0,,4,0.8,0.6,1,30,60,,,614,10000,0,0,614,10000,,,1,15,0,,1,wool_colored_red,,step.cloth,dig.cloth,,614,1000,B61C00,,,
615,黑色羊毛,黑色羊毛,basic,1,1,1,0,0,0,,4,0.8,0.6,1,30,60,,,615,10000,0,0,615,10000,,,1,15,0,,1,wool_colored_black,,step.cloth,dig.cloth,,615,1000,282828,,,
616,地毯,地毯,carpet,1,0,0,0,3,0,,0.5,0.1,0.6,1,30,60,,,616,10000,0,0,616,10000,,,2,1,0,,1,wool_colored_white,,step.cloth,dig.cloth,,616,1000,,,,
617,橙色羊毛地毯,橙色羊毛地毯,carpet,1,0,0,0,3,0,,0.5,0.1,0.6,1,30,60,,,617,10000,0,0,617,10000,,,2,1,0,,1,wool_colored_orange,,step.cloth,dig.cloth,,617,1000,,,,
618,品红羊毛地毯,品红羊毛地毯,carpet,1,0,0,0,3,0,,0.5,0.1,0.6,1,30,60,,,618,10000,0,0,618,10000,,,2,1,0,,1,wool_colored_magenta,,step.cloth,dig.cloth,,618,1000,,,,
619,淡蓝羊毛地毯,淡蓝羊毛地毯,carpet,1,0,0,0,3,0,,0.5,0.1,0.6,1,30,60,,,619,10000,0,0,619,10000,,,2,1,0,,1,wool_colored_light_blue,,step.cloth,dig.cloth,,619,1000,,,,
620,黄色羊毛地毯,黄色羊毛地毯,carpet,1,0,0,0,3,0,,0.5,0.1,0.6,1,30,60,,,620,10000,0,0,620,10000,,,2,1,0,,1,wool_colored_yellow,,step.cloth,dig.cloth,,620,1000,,,,
621,黄绿色羊毛地毯,黄绿色羊毛地毯,carpet,1,0,0,0,3,0,,0.5,0.1,0.6,1,30,60,,,621,10000,0,0,621,10000,,,2,1,0,,1,wool_colored_lime,,step.cloth,dig.cloth,,621,1000,,,,
622,粉色羊毛地毯,粉色羊毛地毯,carpet,1,0,0,0,3,0,,0.5,0.1,0.6,1,30,60,,,622,10000,0,0,622,10000,,,2,1,0,,1,wool_colored_pink,,step.cloth,dig.cloth,,622,1000,,,,
623,灰色羊毛地毯,灰色羊毛地毯,carpet,1,0,0,0,3,0,,0.5,0.1,0.6,1,30,60,,,623,10000,0,0,623,10000,,,2,1,0,,1,wool_colored_gray,,step.cloth,dig.cloth,,623,1000,,,,
624,淡灰色羊毛地毯,淡灰色羊毛地毯,carpet,1,0,0,0,3,0,,0.5,0.1,0.6,1,30,60,,,624,10000,0,0,624,10000,,,2,1,0,,1,wool_colored_silver,,step.cloth,dig.cloth,,624,1000,,,,
625,青色羊毛地毯,青色羊毛地毯,carpet,1,0,0,0,3,0,,0.5,0.1,0.6,1,30,60,,,625,10000,0,0,625,10000,,,2,1,0,,1,wool_colored_cyan,,step.cloth,dig.cloth,,625,1000,,,,
626,紫色羊毛地毯,紫色羊毛地毯,carpet,1,0,0,0,3,0,,0.5,0.1,0.6,1,30,60,,,626,10000,0,0,626,10000,,,2,1,0,,1,wool_colored_purple,,step.cloth,dig.cloth,,626,1000,,,,
627,蓝色羊毛地毯,蓝色羊毛地毯,carpet,1,0,0,0,3,0,,0.5,0.1,0.6,1,30,60,,,627,10000,0,0,627,10000,,,2,1,0,,1,wool_colored_blue,,step.cloth,dig.cloth,,627,1000,,,,
628,棕色羊毛地毯,棕色羊毛地毯,carpet,1,0,0,0,3,0,,0.5,0.1,0.6,1,30,60,,,628,10000,0,0,628,10000,,,2,1,0,,1,wool_colored_brown,,step.cloth,dig.cloth,,628,1000,,,,
629,绿色羊毛地毯,绿色羊毛地毯,carpet,1,0,0,0,3,0,,0.5,0.1,0.6,1,30,60,,,629,10000,0,0,629,10000,,,2,1,0,,1,wool_colored_green,,step.cloth,dig.cloth,,629,1000,,,,
630,红色羊毛地毯,红色羊毛地毯,carpet,1,0,0,0,3,0,,0.5,0.1,0.6,1,30,60,,,630,10000,0,0,630,10000,,,2,1,0,,1,wool_colored_red,,step.cloth,dig.cloth,,630,1000,,,,
631,黑色羊毛地毯,黑色羊毛地毯,carpet,1,0,0,0,3,0,,0.5,0.1,0.6,1,30,60,,,631,10000,0,0,631,10000,,,2,1,0,,1,wool_colored_black,,step.cloth,dig.cloth,,631,1000,,,,
632,玻璃,玻璃,glass,1,1,1,0,0,0,,1.5,0.3,0.6,1,,,,,632,10000,0,0,0,0,,,3,0,0,,1,glass,,step.stone,random.glass,dig.stone,632,1000,,,,打碎粒子应稍微不同，不应掉落
633,白色玻璃,白色玻璃,glass,1,1,1,0,0,0,,1.5,0.3,0.6,1,,,,,633,10000,0,0,0,0,,,3,0,0,,1,glass_white,,step.stone,random.glass,dig.stone,633,1000,,,,
634,橙色玻璃,橙色玻璃,glass,1,1,1,0,0,0,,1.5,0.3,0.6,1,,,,,634,10000,0,0,0,0,,,3,0,0,,1,glass_orange,,step.stone,random.glass,dig.stone,634,1000,,,,
635,品红玻璃,品红玻璃,glass,1,1,1,0,0,0,,1.5,0.3,0.6,1,,,,,635,10000,0,0,0,0,,,3,0,0,,1,glass_magenta,,step.stone,random.glass,dig.stone,635,1000,,,,
636,淡蓝玻璃,淡蓝玻璃,glass,1,1,1,0,0,0,,1.5,0.3,0.6,1,,,,,636,10000,0,0,0,0,,,3,0,0,,1,glass_light_blue,,step.stone,random.glass,dig.stone,636,1000,,,,
637,黄色玻璃,黄色玻璃,glass,1,1,1,0,0,0,,1.5,0.3,0.6,1,,,,,637,10000,0,0,0,0,,,3,0,0,,1,glass_yellow,,step.stone,random.glass,dig.stone,637,1000,,,,
638,黄绿色玻璃,黄绿色玻璃,glass,1,1,1,0,0,0,,1.5,0.3,0.6,1,,,,,638,10000,0,0,0,0,,,3,0,0,,1,glass_lime,,step.stone,random.glass,dig.stone,638,1000,,,,
639,粉色玻璃,粉色玻璃,glass,1,1,1,0,0,0,,1.5,0.3,0.6,1,,,,,639,10000,0,0,0,0,,,3,0,0,,1,glass_pink,,step.stone,random.glass,dig.stone,639,1000,,,,
640,灰色玻璃,灰色玻璃,glass,1,1,1,0,0,0,,1.5,0.3,0.6,1,,,,,640,10000,0,0,0,0,,,3,0,0,,1,glass_gray,,step.stone,random.glass,dig.stone,640,1000,,,,
641,淡灰色玻璃,淡灰色玻璃,glass,1,1,1,0,0,0,,1.5,0.3,0.6,1,,,,,641,10000,0,0,0,0,,,3,0,0,,1,glass_silver,,step.stone,random.glass,dig.stone,641,1000,,,,
642,青色玻璃,青色玻璃,glass,1,1,1,0,0,0,,1.5,0.3,0.6,1,,,,,642,10000,0,0,0,0,,,3,0,0,,1,glass_cyan,,step.stone,random.glass,dig.stone,642,1000,,,,
643,紫色玻璃,紫色玻璃,glass,1,1,1,0,0,0,,1.5,0.3,0.6,1,,,,,643,10000,0,0,0,0,,,3,0,0,,1,glass_purple,,step.stone,random.glass,dig.stone,643,1000,,,,
644,蓝色玻璃,蓝色玻璃,glass,1,1,1,0,0,0,,1.5,0.3,0.6,1,,,,,644,10000,0,0,0,0,,,3,0,0,,1,glass_blue,,step.stone,random.glass,dig.stone,644,1000,,,,
645,棕色玻璃,棕色玻璃,glass,1,1,1,0,0,0,,1.5,0.3,0.6,1,,,,,645,10000,0,0,0,0,,,3,0,0,,1,glass_brown,,step.stone,random.glass,dig.stone,645,1000,,,,
646,绿色玻璃,绿色玻璃,glass,1,1,1,0,0,0,,1.5,0.3,0.6,1,,,,,646,10000,0,0,0,0,,,3,0,0,,1,glass_green,,step.stone,random.glass,dig.stone,646,1000,,,,
647,红色玻璃,红色玻璃,glass,1,1,1,0,0,0,,1.5,0.3,0.6,1,,,,,647,10000,0,0,0,0,,,3,0,0,,1,glass_red,,step.stone,random.glass,dig.stone,647,1000,,,,
648,黑色玻璃,黑色玻璃,glass,1,1,1,0,0,0,,1.5,0.3,0.6,1,,,,,648,10000,0,0,0,0,,,3,0,0,,1,glass_black,,step.stone,random.glass,dig.stone,648,1000,,,,
649,玻璃板,玻璃板,glasspane,1,1,1,0,0,1,,1.5,0.3,0.6,1,,,,,649,10000,0,0,0,0,,,3,0,0,,1,glass,glass_pane_top,step.stone,random.glass,dig.stone,649,1000,,,,
650,白色玻璃板,白色玻璃板,glasspane,1,1,1,0,0,1,,1.5,0.3,0.6,1,,,,,650,10000,0,0,0,0,,,3,0,0,,1,glass_white,glass_pane_top_white,step.stone,random.glass,dig.stone,650,1000,,,,
651,橙色玻璃板,橙色玻璃板,glasspane,1,1,1,0,0,1,,1.5,0.3,0.6,1,,,,,651,10000,0,0,0,0,,,3,0,0,,1,glass_orange,glass_pane_top_orange,step.stone,random.glass,dig.stone,651,1000,,,,
652,品红玻璃板,品红玻璃板,glasspane,1,1,1,0,0,1,,1.5,0.3,0.6,1,,,,,652,10000,0,0,0,0,,,3,0,0,,1,glass_magenta,glass_pane_top_magenta,step.stone,random.glass,dig.stone,652,1000,,,,
653,淡蓝玻璃板,淡蓝玻璃板,glasspane,1,1,1,0,0,1,,1.5,0.3,0.6,1,,,,,653,10000,0,0,0,0,,,3,0,0,,1,glass_light_blue,glass_pane_top_light_blue,step.stone,random.glass,dig.stone,653,1000,,,,
654,黄色玻璃板,黄色玻璃板,glasspane,1,1,1,0,0,1,,1.5,0.3,0.6,1,,,,,654,10000,0,0,0,0,,,3,0,0,,1,glass_yellow,glass_pane_top_yellow,step.stone,random.glass,dig.stone,654,1000,,,,
655,黄绿色玻璃板,黄绿色玻璃板,glasspane,1,1,1,0,0,1,,1.5,0.3,0.6,1,,,,,655,10000,0,0,0,0,,,3,0,0,,1,glass_lime,glass_pane_top_lime,step.stone,random.glass,dig.stone,655,1000,,,,
656,粉色玻璃板,粉色玻璃板,glasspane,1,1,1,0,0,1,,1.5,0.3,0.6,1,,,,,656,10000,0,0,0,0,,,3,0,0,,1,glass_pink,glass_pane_top_pink,step.stone,random.glass,dig.stone,656,1000,,,,
657,灰色玻璃板,灰色玻璃板,glasspane,1,1,1,0,0,1,,1.5,0.3,0.6,1,,,,,657,10000,0,0,0,0,,,3,0,0,,1,glass_gray,glass_pane_top_gray,step.stone,random.glass,dig.stone,657,1000,,,,
658,淡灰色玻璃板,淡灰色玻璃板,glasspane,1,1,1,0,0,1,,1.5,0.3,0.6,1,,,,,658,10000,0,0,0,0,,,3,0,0,,1,glass_silver,glass_pane_top_silver,step.stone,random.glass,dig.stone,658,1000,,,,
659,青色玻璃板,青色玻璃板,glasspane,1,1,1,0,0,1,,1.5,0.3,0.6,1,,,,,659,10000,0,0,0,0,,,3,0,0,,1,glass_cyan,glass_pane_top_cyan,step.stone,random.glass,dig.stone,659,1000,,,,
660,紫色玻璃板,紫色玻璃板,glasspane,1,1,1,0,0,1,,1.5,0.3,0.6,1,,,,,660,10000,0,0,0,0,,,3,0,0,,1,glass_purple,glass_pane_top_purple,step.stone,random.glass,dig.stone,660,1000,,,,
661,蓝色玻璃板,蓝色玻璃板,glasspane,1,1,1,0,0,1,,1.5,0.3,0.6,1,,,,,661,10000,0,0,0,0,,,3,0,0,,1,glass_blue,glass_pane_top_blue,step.stone,random.glass,dig.stone,661,1000,,,,
662,棕色玻璃板,棕色玻璃板,glasspane,1,1,1,0,0,1,,1.5,0.3,0.6,1,,,,,662,10000,0,0,0,0,,,3,0,0,,1,glass_brown,glass_pane_top_brown,step.stone,random.glass,dig.stone,662,1000,,,,
663,绿色玻璃板,绿色玻璃板,glasspane,1,1,1,0,0,1,,1.5,0.3,0.6,1,,,,,663,10000,0,0,0,0,,,3,0,0,,1,glass_green,glass_pane_top_green,step.stone,random.glass,dig.stone,663,1000,,,,
664,红色玻璃板,红色玻璃板,glasspane,1,1,1,0,0,1,,1.5,0.3,0.6,1,,,,,664,10000,0,0,0,0,,,3,0,0,,1,glass_red,glass_pane_top_red,step.stone,random.glass,dig.stone,664,1000,,,,
665,黑色玻璃板,黑色玻璃板,glasspane,1,1,1,0,0,1,,1.5,0.3,0.6,1,,,,,665,10000,0,0,0,0,,,3,0,0,,1,glass_black,glass_pane_top_black,step.stone,random.glass,dig.stone,665,1000,,,,
666,硬化粘土,硬化粘土,basic,1,1,1,0,0,0,,30,1.25,0.6,0,,,,,666,10000,0,0,0,0,,,2,15,0,,1,hardened_clay,,step.stone,dig.stone,,666,1011,8a9fa4,,,
667,白色粘土,白色粘土,basic,1,1,1,0,0,0,,30,1.25,0.6,0,,,,,667,10000,0,0,0,0,,,2,15,0,,1,hardened_clay_stained_white,,step.stone,dig.stone,,667,1011,eae6e1,,,
668,橙色粘土,橙色粘土,basic,1,1,1,0,0,0,,30,1.25,0.6,0,,,,,668,10000,0,0,0,0,,,2,15,0,,1,hardened_clay_stained_orange,,step.stone,dig.stone,,668,1011,e28252,,,
669,品红粘土,品红粘土,basic,1,1,1,0,0,0,,30,1.25,0.6,0,,,,,669,10000,0,0,0,0,,,2,15,0,,1,hardened_clay_stained_magenta,,step.stone,dig.stone,,669,1011,de6bf9,,,
670,淡蓝粘土,淡蓝粘土,basic,1,1,1,0,0,0,,30,1.25,0.6,0,,,,,670,10000,0,0,0,0,,,2,15,0,,1,hardened_clay_stained_lightblue,,step.stone,dig.stone,,670,1011,5cb8ee,,,
671,黄色粘土,黄色粘土,basic,1,1,1,0,0,0,,30,1.25,0.6,0,,,,,671,10000,0,0,0,0,,,2,15,0,,1,hardened_clay_stained_yellow,,step.stone,dig.stone,,671,1011,e8db7d,,,
672,黄绿色粘土,黄绿色粘土,basic,1,1,1,0,0,0,,30,1.25,0.6,0,,,,,672,10000,0,0,0,0,,,2,15,0,,1,hardened_clay_stained_lime,,step.stone,dig.stone,,672,1011,97cb4b,,,
673,粉色粘土,粉色粘土,basic,1,1,1,0,0,0,,30,1.25,0.6,0,,,,,673,10000,0,0,0,0,,,2,15,0,,1,hardened_clay_stained_pink,,step.stone,dig.stone,,673,1011,ec7dba,,,
674,灰色粘土,灰色粘土,basic,1,1,1,0,0,0,,30,1.25,0.6,0,,,,,674,10000,0,0,0,0,,,2,15,0,,1,hardened_clay_stained_gray,,step.stone,dig.stone,,674,1011,a19d99,,,
675,淡灰色粘土,淡灰色粘土,basic,1,1,1,0,0,0,,30,1.25,0.6,0,,,,,675,10000,0,0,0,0,,,2,15,0,,1,hardened_clay_stained_silver,,step.stone,dig.stone,,675,1011,d2cdc7,,,
676,青色粘土,青色粘土,basic,1,1,1,0,0,0,,30,1.25,0.6,0,,,,,676,10000,0,0,0,0,,,2,15,0,,1,hardened_clay_stained_cyan,,step.stone,dig.stone,,676,1011,50d8d5,,,
677,紫色粘土,紫色粘土,basic,1,1,1,0,0,0,,30,1.25,0.6,0,,,,,677,10000,0,0,0,0,,,2,15,0,,1,hardened_clay_stained_purple,,step.stone,dig.stone,,677,1011,8e32c3,,,
678,蓝色粘土,蓝色粘土,basic,1,1,1,0,0,0,,30,1.25,0.6,0,,,,,678,10000,0,0,0,0,,,2,15,0,,1,hardened_clay_stained_blue,,step.stone,dig.stone,,678,1011,4e5ccd,,,
679,棕色粘土,棕色粘土,basic,1,1,1,0,0,0,,30,1.25,0.6,0,,,,,679,10000,0,0,0,0,,,2,15,0,,1,hardened_clay_stained_brown,,step.stone,dig.stone,,679,1011,694a34,,,
680,绿色粘土,绿色粘土,basic,1,1,1,0,0,0,,30,1.25,0.6,0,,,,,680,10000,0,0,0,0,,,2,15,0,,1,hardened_clay_stained_green,,step.stone,dig.stone,,680,1011,50c472,,,
681,红色粘土,红色粘土,basic,1,1,1,0,0,0,,30,1.25,0.6,0,,,,,681,10000,0,0,0,0,,,2,15,0,,1,hardened_clay_stained_red,,step.stone,dig.stone,,681,1011,d23d41,,,
682,黑色粘土,黑色粘土,basic,1,1,1,0,0,0,,30,1.25,0.6,0,,,,,682,10000,0,0,0,0,,,2,15,0,,1,hardened_clay_stained_black,,step.stone,dig.stone,,682,1011,150e0a,,,
700,橙石火把,橙石火把,redstone_torch,1,0,0,0,3,1,,0,0,0.6,0,,,,,701,10000,0,0,701,10000,,,0,0,7,,1,redstone_torch_off,,,dig.wood,,700,1000,,,,图标黑色
701,橙石火把,橙石火把,redstone_torch,1,0,0,0,3,1,,0,0,0.6,0,,,1,,701,10000,0,0,701,10000,,,0,0,7,,1,redstone_torch_on,,,dig.wood,,700,1000,,,,缺特效、图标黑色
702,橙石中继器,橙石中继器,repeater,1,1,1,0,3,2,,0,0,0.6,0,,,,,702,10000,0,0,702,10000,,,2,0,0,,1,repeater_off,redstone_torch_off,,dig.wood,,701,1000,,,,
703,橙石中继器,橙石中继器,repeater,1,1,1,0,3,2,,0,0,0.6,0,,,1,,702,10000,0,0,702,10000,,,2,0,9,,1,repeater_on,redstone_torch_on,,dig.wood,,701,1000,,,,
704,橙石比较器,橙石比较器,comparator,1,1,1,0,3,2,,0,0,0.6,0,,,,,704,10000,0,0,704,10000,,,2,0,0,,1,repeater_off,redstone_torch_off,,dig.wood,,702,1000,,,,
705,橙石比较器,橙石比较器,comparator,1,1,1,0,3,2,,0,0,0.6,0,,,1,,704,10000,0,0,704,10000,,,2,0,9,,1,repeater_on,redstone_torch_on,,dig.wood,,702,1000,,,,
706,橙石粉,橙石粉,dust,1,1,1,0,3,0,,0,0,0.6,0,,,,,706,10000,0,0,706,10000,,,0,0,0,,1,redstone_dust,,,dig.stone,,703,1000,,,,
707,橙石灯,橙石灯,redstone_light,1,1,1,0,0,0,,1.5,0.3,0.6,0,,,,,707,10000,0,0,707,10000,,,1,0,0,,1,redstone_lamp_off,,step.stone,random.glass,,704,1000,,,,
708,橙石灯,橙石灯,redstone_light,1,1,1,0,0,0,,1.5,0.3,0.6,0,,,1,,707,10000,0,0,707,10000,,,1,0,15,,1,redstone_lamp_on,,step.stone,random.glass,,704,1000,,,,道具未显示贴图
709,绊线钩,绊线钩,tripwirehook,1,0,0,0,3,1,,0,0,0.6,0,,,,,709,10000,0,0,709,10000,,,0,0,0,,1,trip_wire_source,planks_oak,,dig.wood,,705,1000,,,,不能放置方向
710,线,线,wire,1,0,0,0,3,1,,0,0,0.6,0,,,,,710,10000,0,0,710,10000,,,0,1,0,,1,trip_wire,,,dig.stone,,706,1000,,,,模型错误
711,木质压力板,木质压力板,pressure,1,0,0,0,3,0,,2.5,0.5,0.6,1,,,,,711,10000,0,0,711,10000,,,2,1,0,,1,planks_oak,,,dig.wood,,707,1001,,,x,
712,石质压力板,石质压力板,pressure,1,0,0,0,3,0,,2.5,0.5,0.6,1,,,,,712,10000,0,0,712,0,,,2,1,0,,1,stone,,,dig.stone,,708,1011,,,x,
715,木质按钮,木质按钮,button,1,0,0,0,3,1,,2.5,0.5,0.6,1,,,,,715,10000,0,0,715,10000,,,0,0,0,,1,planks_oak,,,dig.wood,,711,1000,,,x,
716,石质按钮,石质按钮,button,1,0,0,0,3,1,,2.5,0.5,0.6,1,,,,,716,10000,0,0,716,10000,,,0,0,0,,1,stone,,,dig.stone,,712,1000,,,x,
717,发射器,发射器,basic,1,1,1,0,0,2,,17.5,3.5,0.6,1,,,,,717,10000,0,0,717,0,,,2,15,0,,1,piston_bottom,,step.stone,dig.stone,,713,1011,,,,模型错误
718,粘性活塞,粘性活塞,piston,1,1,1,2,0,2,,2.5,0.5,0.6,1,,,,,718,10000,0,0,718,10000,,,2,0,0,,1,piston_sticky,,step.stone,dig.stone,,718,1011,,,,模型错误
719,活塞,活塞,piston,1,1,1,2,0,2,,2.5,0.5,0.6,1,,,,,719,10000,0,0,719,10000,,,2,0,0,,1,piston,,step.stone,dig.stone,,719,1011,,,,模型错误
720,投掷器,投掷器,basic,1,1,1,0,0,2,,17.5,3.5,0.6,1,,,,,720,10000,0,0,720,0,,,2,15,0,,1,spring_goal,,step.stone,dig.stone,,716,1011,,,,模型错误
724,拉杆,拉杆,lever,1,0,0,0,3,1,,2.5,0.5,0.6,1,,,,,724,10000,0,0,724,10000,,,0,0,0,,1,lever,cobblestone,,dig.wood,,720,1011,,,,
725,铁轨,铁轨,rail,1,0,0,0,3,1,,3.5,0.7,0.6,1,,,,,725,10000,0,0,725,10000,,,0,0,0,,1,rail_normal,rail_normal_turned,,dig.stone,,721,1011,,,,图标黑色
726,唱片机,唱片机,basic,1,1,1,0,0,0,,30,2,0.6,1,,,,,726,10000,0,0,726,10000,,,2,15,0,,1,jukebox_top,,,dig.stone,,722,1001,,,,
728,激活铁轨,激活铁轨,basic,1,0,0,0,3,1,,3.5,0.7,0.6,1,,,,,728,10000,0,0,728,10000,,,0,0,0,,1,rail_activator,rail_activator_powered,,dig.stone,,724,1011,,,,模型错误
729,充能铁轨,充能铁轨,railpowered,1,0,0,0,3,1,,3.5,0.7,0.6,1,,,,,729,10000,0,0,729,10000,,,0,0,0,,1,rail_golden,rail_golden_powered,,dig.stone,,725,1011,,,,图标黑色
730,探测铁轨,探测铁轨,basic,1,0,0,0,3,1,,3.5,0.7,0.6,1,,,,,730,10000,0,0,730,10000,,,0,0,0,,1,rail_detector,rail_detector_powered,,dig.stone,,726,1011,,,,模型错误
731,活板门,活板门,trapdoor,1,1,1,0,3,2,,15,1,0.6,1,,,,,731,10000,0,0,731,10000,,,2,1,0,,1,trapdoor,,step.wood,dig.wood,,727,1001,,,,透明区域、下方无方块时才可放置，不可开关
732,龙纪念碑,龙纪念碑,basic,1,1,1,0,0,1,,30,5,0.6,1,,,,,732,10000,0,0,732,10000,,,0,0,0,,1,dragoncup,,step.stone,dig.stone,,732,1000,,,,
733,黑龙宝箱,黑龙宝箱,simplechest,1,1,1,0,0,2,,18000000,-1,0.6,0,,,,TreasureBox_OnClick,0,0,0,0,0,0,,,1,0,0,,1,box3,,step.wood,dig.wood,,0,0,,,,
734,普通宝箱,低等宝箱,simplechest,1,1,1,0,0,2,,18000000,-1,0.6,0,,,,TreasureBox_OnClick,0,0,0,0,0,0,,,1,0,0,,1,box1,,step.wood,dig.wood,,0,0,,,,
735,精致宝箱,中等宝箱,simplechest,1,1,1,0,0,2,,18000000,-1,0.6,0,,,,TreasureBox_OnClick,0,0,0,0,0,0,,,1,0,0,,1,box2,,step.wood,dig.wood,,0,0,,,,
736,黄金宝箱,高等宝箱,simplechest,1,1,1,0,0,2,,18000000,-1,0.6,0,,,,TreasureBox_OnClick,0,0,0,0,0,0,,,1,0,0,,1,box3,,step.wood,dig.wood,,0,0,,,,
737,简易罐子,罐子1,jar,1,0,1,0,0,0,,0,0,0.6,1,,,,,0,0,0,0,0,0,,,0,0,0,,1,jar1,,step.stone,random.glass,dig.stone,737,1011,,,,
738,陶土罐子,罐子2,jar,1,0,1,0,0,0,,0,0,0.6,1,,,,,0,0,0,0,0,0,,,0,0,0,,1,jar2,,step.stone,random.glass,dig.stone,738,1011,,,,
739,彩陶罐子,罐子3,jar,1,0,1,0,0,0,,0,0,0.6,1,,,,,0,0,0,0,0,0,,,0,0,0,,1,jar3,,step.stone,random.glass,dig.stone,739,1011,,,,
800,工作台,工作台,crafting,1,1,1,0,0,2,,12.5,2.5,0.6,1,,,,CraftingTable_OnClick,800,10000,0,0,800,10000,,,2,15,0,,1,crafting_table,planks_oak,step.wood,dig.wood,,800,1001,,,,
801,箱子,箱子,chest,1,1,1,0,0,2,,12.5,2.5,0.6,1,,,,StorageBox_OnClick,801,10000,0,0,801,10000,,,2,0,0,,1,chest,,step.wood,dig.wood,,801,1001,,,,两个箱子时UI超出
802,熔炉,熔炉,furnace,1,1,1,0,0,2,,17.5,3.5,0.6,1,,,,Furnace_OnClick,802,10000,0,0,0,0,,,0,0,0,,1,furnace,,step.stone,dig.stone,,802,1011,,,,打开时卡死
803,蜘蛛网,蜘蛛网,colorherbs,1,2,0,0,0,1,,20,4,0.6,0,,,,,706,10000,0,0,706,0,,,3,1,0,,1,web,,,dig.stone,,803,1056,,,,减速功能缺少
804,石头怪物蛋,石头怪物蛋,basic,1,1,1,0,3,0,,3.75,10,0.6,1,,,,,104,10000,0,0,0,0,,,0,0,0,,1,0,,step.stone,dig.stone,,804,1011,,,x,
805,圆石怪物蛋,圆石怪物蛋,basic,1,1,1,0,3,0,,3.75,10,0.6,1,,,,,505,10000,0,0,0,0,,,0,0,0,,1,0,,step.stone,dig.stone,,805,1011,,,x,
806,石砖怪物蛋,石砖怪物蛋,basic,1,1,1,0,3,0,,3.75,10,0.6,1,,,,,501,10000,0,0,0,0,,,0,0,0,,1,0,,step.stone,dig.stone,,806,1011,,,x,
807,苔石传怪物蛋,苔石传怪物蛋,basic,1,1,1,0,3,0,,3.75,10,0.6,1,,,,,503,10000,0,0,0,0,,,0,0,0,,1,0,,step.stone,dig.stone,,807,1011,,,x,
808,裂石砖怪物蛋,裂石砖怪物蛋,basic,1,1,1,0,3,0,,3.75,10,0.6,1,,,,,502,10000,0,0,0,0,,,0,0,0,,1,0,,step.stone,dig.stone,,808,1011,,,x,
809,錾制石砖怪物蛋,錾制石砖怪物蛋,basic,1,1,1,0,3,0,,3.75,10,0.6,1,,,,,504,10000,0,0,0,0,,,0,0,0,,1,0,,step.stone,dig.stone,,809,1011,,,x,
810,刷怪箱,刷怪箱,mobspawner,1,1,1,0,0,0,,25,5,0.6,0,,,,,0,0,0,0,0,0,,,1,1,0,,1,mob_spawner,,step.stone,dig.stone,,0,1011,,,,透明区域、特效、刷怪
811,陷阱箱,陷阱箱,basic,1,1,1,0,0,2,,12.5,2.5,0.6,1,,,,,811,10000,0,0,811,10000,,,2,15,0,,1,,,step.wood,dig.wood,,811,1001,,,x,功能缺失
812,木门,木门,door,1,1,1,0,3,2,,15,2,0.6,1,,,,Door_OnClick,812,10000,0,0,812,10000,,,0,0,0,,2,door_wood,,step.wood,dig.wood,,812,1001,,,,
813,梯子,梯子,ladder,1,1,1,0,3,1,,2,0.4,0.6,1,,,,,813,10000,0,0,813,10000,,,0,0,0,,1,ladder,,step.ladder,dig.wood,,813,1001,,,,
814,铁门,铁门,door,1,1,1,0,3,2,,25,5,0.6,1,,,,,814,10000,0,0,0,0,,,0,1,0,,2,door_iron,,step.stone,dig.stone,,814,1012,,,,交互时消失
815,告示牌,告示牌,basic,1,0,1,0,3,2,,5,1,0.6,1,,,,,815,10000,0,0,815,10000,,,2,0,0,,1,,,,dig.wood,,815,1001,,,x,模型错误、功能未知
816,南瓜灯,南瓜灯,basic,1,1,1,0,0,2,,5,1,0.6,1,,,,,816,10000,0,0,816,10000,,,1,0,15,,1,pumpkin_face_on,,step.wood,dig.wood,,816,1001,,,,贴图错误
817,火把,火把,torch,1,0,0,0,3,1,,0,0,0.6,1,,,,,817,10000,0,0,817,10000,,,0,0,14,,1,torch_on,,,dig.wood,,817,1000,,,,物品形式贴图缺失
819,龙蛋,龙蛋,basic,1,1,1,0,3,0,,45,3,0.6,0,,,,,819,10000,0,0,819,10000,,,2,0,1,,1,,,,dig.stone,,819,1000,,,x,
820,书架,书架,log,1,1,1,0,0,0,,7.5,1.5,0.6,0,30,20,,,1804,10000,1804,10000,1804,10000,,,1,1,0,,1,bookshelf,,step.wood,dig.wood,,820,1001,,,,
822,干草块,干草块,basic,1,1,1,0,0,0,,2.5,0.5,0.6,0,60,20,,,822,10000,0,0,822,10000,,,1,15,0,,1,,,step.grass,dig.grass,,822,1001,,,,贴图错误
823,粘液块,粘液块,basic,1,1,1,0,0,2,,5,1,0.6,1,,,,,823,10000,0,0,823,10000,,,1,15,0,,1,,,step.cloth,dig.cloth,,823,1001,,,x,
824,铁砧,铁砧,anvil,1,1,1,0,1,2,,6000,5,0.6,1,,,,Anvil_OnClick,824,10000,0,0,0,0,,,2,0,0,,1,anvil,,step.stone,dig.stone,,824,1011,,,,模型错误
828,床,床,bed,1,1,1,0,0,2,,1,0.2,0.6,1,,,,,828,10000,0,0,828,10000,,,2,1,0,,1,bed,,step.wood,dig.wood,,828,1001,,,,模型错误
829,酿造台,酿造台,basic,1,1,1,0,0,2,,2.5,0.5,0.6,1,,,,,829,10000,0,0,0,0,,,0,1,1,,1,,,step.stone,dig.stone,,829,1011,,,,模型错误
830,蛋糕,蛋糕,cake,1,1,1,0,3,0,,2.5,0.5,0.6,1,,,,,0,0,0,0,0,0,,,2,1,0,,1,cake,,step.cloth,dig.cloth,,830,1000,,,,模型错误
832,末影箱,末影箱,basic,1,1,1,0,0,2,,3000,22.5,0.6,1,,,,,112,10000,0,0,0,0,,,2,15,0,,1,,,step.wood,dig.wood,,832,1011,,,x,模型错误
833,附魔台,附魔台,enchanting,1,1,1,0,0,2,,6000,5,0.6,0,,,,EnchantTable_OnClick,833,10000,0,0,0,0,,,2,0,0,,1,enchanting_table,,step.stone,dig.stone,,833,1011,,,,模型错误
834,TNT,TNT,tnt,1,1,1,0,0,0,,0,0,0.6,1,15,100,,,834,10000,0,0,834,10000,,,2,15,0,,1,tnt_top,,step.grass,dig.grass,,834,1000,,,,
839,漏斗,漏斗,basic,1,1,1,0,0,1,,20,2,0.6,1,,,,,839,10000,0,0,839,10000,,,0,15,0,,1,hopper_top,,step.stone,dig.stone,,839,1011,,,,模型错误
840,活塞部件,活塞部件,pistonexten,1,1,1,2,0,2,,2.5,0.5,0.6,1,,,,,718,10000,0,0,718,10000,,,2,15,0,,1,piston_top_sticky,,step.stone,dig.stone,,714,1011,,,,模型错误
841,移动的活塞,移动的活塞,pistonmoving,1,1,1,2,0,2,,2.5,-1,0.6,1,,,,,719,10000,0,0,719,10000,,,2,15,0,,1,piston_top_normal,,step.stone,dig.stone,,715,1011,,,,模型错误
842,铁弹簧,铁弹簧,spring,1,1,1,2,0,2,,2.5,0.5,0.6,1,,,,,842,10000,0,0,842,10000,,,2,0,0,,1,spring_iron,,step.stone,dig.stone,,842,1011,,,,模型错误
843,弹簧部件,弹簧部件,springexten,1,1,1,2,0,2,,2.5,0.5,0.6,1,,,,,0,0,0,0,0,0,,,2,15,0,,1,,,step.stone,dig.stone,,714,1011,,,,模型错误
844,金弹簧,金弹簧,spring,1,1,1,2,0,2,,2.5,0.5,0.6,1,,,,,844,10000,0,0,844,10000,,,2,0,0,,1,spring_gold,,step.stone,dig.stone,,844,1011,,,,模型错误
